run,tsr,cp,cd,delta_cp,delta_cd,y_R,z_H,mean_u,mean_v,mean_w,std_u,std_v,std_w,mean_upvp,k
0,1.899237458088556,0.2477596002167717,0.9223179937111174,0.016790486042297256,0.003475,-3.0,0.0,0.881961477472837,-0.024863320656834848,-0.03083296504160898,0.04308094169568726,0.025503204727904828,0.012478293655522554,-2.4914247684342744e-05,0.0013310444006670434
1,1.8992612097797175,0.25476879293842236,0.9371179885512455,0.016796024526073598,0.003475,-2.75,0.0,0.8975874922807203,-0.026341856034883274,-0.02942306483517538,0.0378054885116375,0.0249433370720092,0.011782849826372031,-3.3996756229810883e-06,0.0010951302879611295
2,1.8993665714781593,0.2515383851106787,0.9278668116030101,0.016790164881455134,0.003475,-2.5,0.0,0.9029700030729452,-0.02592392678475748,-0.025142406134912934,0.03253543518377385,0.022994047522540043,0.011307102933751754,1.4278060077527923e-05,0.0008575656704104185
3,1.899435696445435,0.2585514435796173,0.9336587463076911,0.016794036051978736,0.003475,-2.25,0.0,0.7922230989596715,-0.020680757133695604,-0.033528391262061,0.06294247263371813,0.07144971747566776,0.03720001339445128,0.0009095054865791656,0.005225328992573227
4,1.9000397049448685,0.25277248092846544,0.9306820781315008,0.01679579786458374,0.003475,-2.0,0.0,0.904338704127271,-0.04018720312413957,-0.021140056951956396,0.04047549501979212,0.04128883548196016,0.02075731053190731,0.00014042236743373965,0.0018869497865358095
5,1.898772318243096,0.2541579217141283,0.9272786280825414,0.016794827534278214,0.003475,-1.8,0.0,0.9036520092557481,-0.05524186933624732,-0.024718750024696805,0.07155856882375546,0.09248166552712869,0.0464861783835071,-0.0009418024695318133,0.007917226005739545
6,1.898726046642831,0.2476859273550962,0.9214392448525998,0.016792241812871263,0.003475,-1.6,0.0,0.9282740249903739,-0.06705271479479805,-0.029571654095365597,0.08292346140452309,0.10623109236255393,0.053915471678054806,-0.0024296423441910846,0.010534111761058012
7,1.8988783577942856,0.2565177543500738,0.9324114476589679,0.016791595382519526,0.003475,-1.5,0.0,0.9236130972747296,-0.07510321972806581,-0.03461142684366246,0.0782988249832439,0.08834861444238887,0.056793209499223854,-0.00045519513184595476,0.008580826156434638
8,1.8994990984666538,0.253237393420074,0.9312830791672383,0.016792060346723797,0.003475,-1.4,0.0,0.9269749601839462,-0.07925734146553134,-0.0390467172846268,0.0847535643880608,0.09546015620581956,0.06747434315469089,-2.90307100212728e-06,0.010424297541738809
9,1.8983108253512309,0.2519075601126112,0.932804647463347,0.01678858044663583,0.003475,-1.3,0.0,0.8859756252751693,-0.10246561516501591,-0.034739747728487,0.12162683604847338,0.11717074376570132,0.08522569846951626,0.004387165959585132,0.017892745060693382
10,1.8992838690430032,0.2579658666428615,0.9355944923372895,0.016792766352754136,0.003475,-1.2,0.0,0.8631557954205147,-0.07109409539033561,-0.03787784097085482,0.11909044384309801,0.120214580253767,0.09270919507630634,0.003550959689486357,0.018614536986016048
11,1.899524548989788,0.25166402975420543,0.9239895105010744,0.016793132024160728,0.003475,-1.1,0.0,0.7238769031169371,-0.05719696971624731,-0.01147695707160635,0.1670547494913987,0.15111562309503815,0.11481495374909194,0.008601304522077576,0.03196284723772086
12,1.8990167541554355,0.24997712423389115,0.9289028239022482,0.01679039806928896,0.003475,-1.0,0.0,0.5649640702383388,-0.039507415656959324,-0.022251104073722373,0.17626667066054655,0.1483868833743865,0.1292984641830071,0.009081291878250386,0.03490334959170087
13,1.899604754125347,0.2574878029919746,0.935281060638413,0.01679233631222353,0.003475,-0.9,0.0,0.45647310111553796,-0.0237747236353229,-0.04157260111315562,0.14895139355330902,0.13569205023570743,0.1202246888567294,0.005787128306798329,0.02752641297466995
14,1.8993067775201924,0.2526428028295654,0.9264734975173475,0.01679202749682552,0.003475,-0.8,0.0,0.39798673410386326,-7.444799030111509e-05,-0.054354258751744926,0.13748833210415548,0.13456563663948198,0.102194243807395,0.006296056894157961,0.023727307748168468
15,1.9000395610336738,0.24868864055744494,0.9269060391788756,0.016797202344087356,0.003475,-0.7,0.0,0.3144523358359672,0.007279040477956784,-0.02386837125790536,0.10122732138804079,0.10021295084061087,0.08810999887790497,0.0012460322488001526,0.014026489006922403
16,1.8988014791150223,0.248797708043138,0.9241913371910745,0.016792030216495536,0.003475,-0.6,0.0,0.2583781568182622,0.00947758840883387,-0.023295770262646127,0.07946082320948931,0.07724701391480851,0.051488775863861344,0.000967381576166439,0.007466108811921643
17,1.8990430556438682,0.24879829283395857,0.9207571759203413,0.0167943283311782,0.003475,-0.5,0.0,0.24928819447218717,0.012970318840921011,-0.01460795457277334,0.06556547399556491,0.07257699814431932,0.045775539056161225,0.0006594552352679375,0.005830826007892886
18,1.898599325869276,0.24681176478074313,0.91936700672153,0.016789193181593783,0.003475,-0.4,0.0,0.24736679297098138,0.012553030307820089,-0.004501578323672422,0.0725640080744021,0.0580250923517441,0.04414881719830587,-6.169400152154898e-05,0.005290782335129876
19,1.8992246711857097,0.25015561897722133,0.9186854846272187,0.01679394366528515,0.003475,-0.3,0.0,0.2601630913933933,0.026457097843782945,-0.008024605694932022,0.056874521687875844,0.05496900394603089,0.041751465728427195,0.0005341702478738788,0.003999743751257725
20,1.8989723843135868,0.25439549342002515,0.9255674593999443,0.016792710200965108,0.003475,-0.2,0.0,0.2519940025340107,0.03541919192289839,-0.008352272739277323,0.056347751281808724,0.054791787168268664,0.04026156934562755,0.0004954845211168965,0.0038991014908911015
21,1.8996666420040365,0.25074667485947283,0.9248390219185478,0.01679324432773879,0.003475,-0.1,0.0,0.23191919197643532,0.03901515158555192,-0.010660037924853068,0.055714196824031795,0.049408289527936654,0.04032161139098317,0.0004780709878061098,0.0035855415734944167
22,1.8991480084842107,0.25764838515002814,0.9301318137733338,0.016789357863553733,0.003475,0.0,0.0,0.21775993709386346,0.04131419567978127,-0.008387066267705478,0.054985723071449964,0.04939614255345344,0.03753960723962983,0.0004560076045329413,0.0034363153762784733
23,1.8998362169717304,0.2543987819909409,0.9286902630339129,0.016794642644241173,0.003475,0.1,0.0,0.2163532198459084,0.05515214655484541,0.0002613636370186195,0.06158661297435549,0.05744201258514934,0.041213212957538506,0.0009007432924231843,0.004395512314884463
24,1.8985853058904294,0.25745188278401887,0.9314686541681297,0.016790399075502057,0.003475,0.2,0.0,0.2026698234616873,0.04669318195738015,-0.005770202042222449,0.04786230984247547,0.049636341052045806,0.035606526416733515,0.0003600783070207714,0.0030111958899788367
25,1.8994421751325872,0.2518136547270769,0.9245279074982763,0.0167937250418351,0.003475,0.3,0.0,0.18931881321365993,0.058707386476005076,0.0019766414155707357,0.05074928437003378,0.05266600064345731,0.04087533515030178,0.0003279559721615182,0.0035099952557483484
26,1.8995333080372792,0.2568349113209193,0.9345178312037649,0.016793103263488304,0.003475,0.4,0.0,0.18220959616427526,0.052457386496826075,-0.004042929302471234,0.05974249464613651,0.05222180469899506,0.04317326269198214,0.0002379666332832495,0.004080106582017264
27,1.8995412949555175,0.2564014929585119,0.9341205425718612,0.01679220346530802,0.003475,0.5,0.0,0.1734327653900225,0.06374526522036335,-0.008909722251260202,0.051734564399136866,0.055100377384970214,0.040913620112683236,0.00020345020732588843,0.0036932205261297675
28,1.8993585574051717,0.2565746282256659,0.9355605753736547,0.016796425805931773,0.003475,0.6,0.0,0.18160321990573647,0.05756186872571965,0.004377209591503476,0.048610952277922045,0.05088694979046299,0.035963603315749784,0.00017578796468144633,0.0031229435518980624
29,1.8997116061328376,0.25989596625118416,0.9394834430091799,0.016799110820136395,0.003475,0.7,0.0,0.19342992442243762,0.04905523996862802,-0.0049090909177712,0.052058959091942435,0.049225816195067676,0.0330682729735107,0.00013720605256216086,0.003113413439628871
30,1.8998592401993648,0.2570566994755286,0.9358099503601229,0.016792988905576504,0.003475,0.8,0.0,0.20389362400211863,0.061839015231354016,0.0024662247521307725,0.05429519445194047,0.050584849487806234,0.033990391559515346,-0.00010814433642966416,0.0033310709283236053
31,1.8986531004269296,0.2527105498672618,0.9259018942989476,0.016790124330937583,0.003475,0.9,0.0,0.19908012640236492,0.05468738178659395,0.0004993690864171257,0.052219995813801594,0.05653343060193294,0.03999148382973664,4.706321481371541e-05,0.0037611377586605557
32,1.8991019089444947,0.24357285082448998,0.9146836055110212,0.016791441307488653,0.003475,1.0,0.0,0.18380082095385236,0.060603219780618514,-0.009795138901039297,0.05269964823969802,0.05847178443162984,0.03260331317522745,-7.76734164059753e-05,0.0036295892646044286
33,1.898955099544862,0.24963784276694265,0.9219049099713386,0.0167912220217266,0.003475,1.1,0.0,0.19837854906567004,0.05218958996228245,-0.02452176662017988,0.0656185268794476,0.06877802514080955,0.04042120122047995,-0.00047844147000410033,0.005335040660102574
34,1.8991104546954003,0.25628844096234166,0.9322362058534692,0.016791618664968637,0.003475,1.2,0.0,0.24743055574660017,0.04275536626815352,-0.008099116199850364,0.08918186042847086,0.09617268564541402,0.05425541363299872,-0.0017293766818738297,0.010073119801111332
35,1.8990934828379915,0.2506446639180536,0.9259294108303341,0.016793374435542636,0.003475,1.3,0.0,0.43299052994310233,0.016860479892270037,-0.0157301137173496,0.140451856877558,0.14341295604048987,0.08927475089675714,-0.007829734898267835,0.024131990604151776
36,1.899133040142509,0.2519923559815276,0.9255256020341948,0.016793414152661702,0.003475,1.4,0.0,0.6709113006887639,0.04099273981108751,-0.030699494919452154,0.1418426268879509,0.12971560377181424,0.08313859809708116,-0.007428596564193353,0.021928747578954372
37,1.8994554058539308,0.2522653082036758,0.9287828393810966,0.016793401826659234,0.003475,1.5,0.0,0.8197537881411574,0.0438532197082223,-0.03144223484354131,0.09974725009378009,0.10192049589243846,0.06254340277118126,-0.004583124831844462,0.01212448930721494
38,1.8983003529915778,0.2515427939031614,0.9274791001122441,0.0167898156447185,0.003475,1.6,0.0,0.8858588570143697,0.03173902061647231,-0.03412025325159436,0.047872435659062115,0.04717485352499157,0.01986952938496413,-0.00047406088461458243,0.002456017549507702
39,1.8996380517585196,0.24659599088777084,0.9187610882491827,0.01679744886413675,0.003475,1.8,0.0,0.8688667930587374,0.01564930553616829,-0.03488825761840674,0.041256801315881296,0.03377218394825868,0.0156496163725125,0.0003130094712491777,0.0015437972780299686
40,1.8994674302736019,0.25409524312200515,0.9276015973964283,0.01678975469948406,0.003475,2.0,0.0,0.877150252668394,0.0026824494726506694,-0.026147411719299418,0.030611612860876682,0.022751724168925576,0.010858510379433878,4.505244001039043e-05,0.0007863095211316682
41,1.8988827400972426,0.25177757560647573,0.9275245148214828,0.01679160017596493,0.003475,2.25,0.0,0.8324826388535175,-0.00414015154478186,-0.02956755054923394,0.05305247744669052,0.05648367239998562,0.03032620187928575,0.000495570514971495,0.003462324565721849
42,1.8994168548485084,0.25185544598165593,0.9281686753666171,0.016790763377352826,0.003475,2.5,0.0,0.8754232953669447,-0.006996843416658007,-0.03414772736435436,0.03307058104185992,0.026600462111864936,0.01454261483684788,1.884904454974851e-05,0.0010063677806519474
43,1.898929886148039,0.2563695794089408,0.9304528460887985,0.016792339051335183,0.003475,2.75,0.0,0.8701931814277413,-0.01260606060579926,-0.03037626269875233,0.03017283810762524,0.020282897914699095,0.012786063787181499,-1.9580511464559977e-05,0.0007426397672284704
44,1.8994113808932673,0.2601247547558401,0.9394977057455026,0.01679080994225105,0.003475,3.0,0.0,0.8655277778102894,-0.016525883828036984,-0.028424558157425825,0.030438822546325236,0.02011037942032798,0.010548019870197024,2.629018065202035e-05,0.0007211050008091499
45,1.8996209040145313,0.25318028382775,0.9194965938413551,0.016792790319981158,0.003475,-3.0,0.125,0.8849163504524363,-0.025642676740935344,-0.029865530385546717,0.033262125728202196,0.023523477901681897,0.009790493452654097,-3.391549957826616e-05,0.0008777883912980549
46,1.9001700112005369,0.25249864852748977,0.9207352303390963,0.01679591085293971,0.003475,-2.75,0.125,0.8941379423356719,-0.025106060637504795,-0.026285669272446553,0.029773083877742645,0.023111065057002587,0.010774966209022206,5.217912276345138e-06,0.0007683288742328377
47,1.8996436735833357,0.25452727851630796,0.9207549774325257,0.016796714782211893,0.003475,-2.5,0.125,0.8934558077593042,-0.024397411631511975,-0.032096275357212614,0.033636884590173305,0.02589661522002412,0.01413746589342721,4.264011037112718e-05,0.0010009713133372203
48,1.8997565099004412,0.25328330939356786,0.9234252278545929,0.016794498156101113,0.003475,-2.25,0.125,0.8572888255044065,-0.03897979810283163,-0.029497159164968638,0.05477092679736154,0.05566725282587516,0.03185702353791186,-0.00045794211421108506,0.0035567837040584565
49,1.8989499226355548,0.2548315082929173,0.9248818440514037,0.01679369970505225,0.003475,-2.0,0.125,0.9017850375273312,-0.035264538611159114,-0.02187626268785221,0.033479654422300664,0.028716329030378775,0.01366982477884997,9.446401132397744e-06,0.001066189461351056
50,1.8996926328662895,0.25618607780301406,0.92849290341698,0.0167960704061939,0.003475,-1.8,0.125,0.9084665186030159,-0.028996524591429974,-0.012214285762984702,0.04360215409559165,0.05535672325396235,0.025358757882629233,-3.118594421563118e-05,0.002804290626270653
51,1.899535112300348,0.25201996827418616,0.9213197543988395,0.01679333129453399,0.003475,-1.6,0.125,0.9145801952748086,-0.03900284460918241,-0.00889485319982979,0.06376028209723163,0.0632214490093011,0.03677425817922408,-0.0008235942395017867,0.004707335626293222
52,1.899989095694807,0.24672689307333806,0.9186666422553567,0.016794822740832813,0.003475,-1.5,0.125,0.9103072304660904,-0.047968098633058974,-0.004684343476996714,0.054649966796222575,0.05792558391043168,0.03763079189207108,-0.0002168072955793716,0.003879034320308527
53,1.8994806562154087,0.25084818289388877,0.9221584753278479,0.01679423177749219,0.003475,-1.4,0.125,0.905484685696071,-0.06066919211570157,-0.003955492460793014,0.06627258294992164,0.06629610416421204,0.04308813481607924,-5.7082169915477216e-05,0.005321908020067459
54,1.8996011834096425,0.252416468463366,0.9207663478864317,0.016788674886367056,0.003475,-1.3,0.125,0.8852794949235601,-0.08416061859911307,0.0058864353555886295,0.09207195900716103,0.10868120959166278,0.06306319790361012,0.002826546843666986,0.012132908941776583
55,1.8997042709596017,0.2550367782328524,0.9280608342748643,0.01679510760844544,0.003475,-1.2,0.125,0.8374408770965984,-0.08601168297863597,-0.01373200756848985,0.13921612535040748,0.12439418910196727,0.09245221504564821,0.004823324845310065,0.02170122795338157
56,1.8995460753685347,0.25019297158307807,0.9206809749215292,0.016793234056070066,0.003475,-1.1,0.125,0.7899189019251001,-0.08064032871306752,-0.03579008841331939,0.15584863015447578,0.1470723317832713,0.11243519100056708,0.0036991738191752698,0.029280369236264606
57,1.8988025182829378,0.24987223519921894,0.9190342568411903,0.01679326213196458,0.003475,-1.0,0.125,0.6661328283140415,-0.0373872192461254,-0.06482828274455081,0.16108270944608413,0.14605770401605853,0.13138138279976308,0.006186773917118706,0.032270779965656
58,1.8999912935801073,0.2529844659915993,0.924538363384184,0.01679908753768729,0.003475,-0.9,0.125,0.5823197734842488,-0.02095118851844434,-0.08956439402284402,0.1647311229406074,0.15138581066320925,0.13255079184412275,0.007879031119619509,0.03381185947696725
59,1.8997192869000408,0.25672601087509184,0.9326797513440442,0.016794685100471905,0.003475,-0.8,0.125,0.4561156654957721,0.010111883627124221,-0.07396148995839111,0.15344330475147827,0.15038542415121192,0.12982162542378525,0.009422816933421964,0.03150713899893427
60,1.8991820113318774,0.25429347249102924,0.9242105125210714,0.01679159606729744,0.003475,-0.7,0.125,0.3322907196996293,-0.0055928030353720945,-0.047677083389620144,0.12398832956526189,0.11955887814905948,0.08624044873972385,0.004958342504169943,0.018552423105737292
61,1.8994396186940157,0.25138737696453717,0.9251725999170487,0.016792629397171136,0.003475,-0.6,0.125,0.2951038511888291,0.012476957049247258,-0.036716540457975975,0.09240964195411265,0.08636088319935235,0.07019812206110598,0.0015097938941948242,0.010462760206982705
62,1.899150762595523,0.25233333746978337,0.9253040411254936,0.01679277799397869,0.003475,-0.5,0.125,0.23520296741557875,-0.0023999368544298134,-0.03583901523167945,0.07136847412241838,0.06574290947731687,0.05614842664146533,0.0003748719013820772,0.006284117529708498
63,1.900231725168651,0.2547525522601356,0.9251260833928313,0.016795616398436273,0.003475,-0.4,0.125,0.22662878785680127,0.024931502558915367,-0.02702588389578835,0.06823776425751157,0.07042899784470788,0.055418073342642885,0.0008985878919681047,0.0063438995306420685
64,1.8996215301192196,0.25303396315094917,0.9238016503615436,0.01679482274083281,0.003475,-0.3,0.125,0.21642392693603243,0.01617487377771253,-0.021474116258674496,0.06721399768453341,0.05727957075535841,0.04790988721839716,0.0006319299619055962,0.005047014001967055
65,1.8993607809113278,0.2527389262389747,0.926498785819257,0.01679469331780688,0.003475,-0.2,0.125,0.21326104815424782,0.04014046724919216,-0.021601010111014764,0.05003417093545852,0.05262295161837771,0.04267499512546683,0.000414492682372964,0.0035468742535937105
66,1.899571385035661,0.2572112189898923,0.9284426192040452,0.016793097785264985,0.003475,-0.1,0.125,0.19902619966388105,0.039383838453229854,-0.015271780335715081,0.05381043333195273,0.055739182582435244,0.041138681396566915,0.0006909766883718086,0.003847405158689411
67,1.8997954921514137,0.24973666863305444,0.9208175414543793,0.016797787144426743,0.003475,0.0,0.125,0.16921054325395762,0.0390785985731451,-0.014569760135334101,0.051959806731447344,0.04700184517084999,0.037631858236394373,0.0003734629360061209,0.0031625758596789994
68,1.898765929149998,0.25224968828659866,0.929620540327487,0.016789297641116432,0.003475,0.1,0.125,0.15776088358955576,0.025729337648072864,-0.014134069458707838,0.055206440035702395,0.057950451403635916,0.04360414877178174,0.00022646493071038857,0.004153663814706224
69,1.8986153083205313,0.2551056892255176,0.9314946439185126,0.016789442038096784,0.003475,0.2,0.125,0.1558435335553366,0.036884227253669986,-0.012603154567243643,0.05225876049997241,0.051335110352587185,0.040194153346989905,0.0004807799997603793,0.0034909207835935605
70,1.8987475544320769,0.24790421196995233,0.9168263140776973,0.016790555204866674,0.003475,0.3,0.125,0.13776799283761942,0.03933175519143168,-0.005771149005055912,0.048825364254669566,0.04257570638938328,0.039725808589044835,0.0001469406094769257,0.0028873734186047823
71,1.899688815179003,0.2535462271819848,0.923900693492462,0.01679572116945726,0.003475,0.4,0.125,0.13001925527600858,0.036810290439461824,-0.0076250000446349865,0.05220104822299124,0.0535384225894107,0.04892983706012527,0.0003574061262432152,0.003992720541835894
72,1.8997031220251697,0.2468927872753135,0.9131904418760858,0.016795467116850805,0.003475,0.5,0.125,0.12885637660281535,0.04395517687225947,0.008978219715003195,0.041746944167997256,0.0453142634046976,0.0346455424105498,0.000330321532252232,0.0024982517120987007
73,1.8987698898365206,0.2604610671439079,0.9353769137000897,0.01679319570850683,0.003475,0.6,0.125,0.14184090935459331,0.042485795563602505,0.011632260112446143,0.044521692795980145,0.043544957431072,0.030062270157188896,0.00027619028663401665,0.0023910422670486565
74,1.8989971232323415,0.25415799212245277,0.926842805406857,0.016789770449376108,0.003475,0.7,0.125,0.14322790446826592,0.03917613649492992,0.010004103559707562,0.047739221695648065,0.04592033672776649,0.02462849578905066,1.3785934071727932e-05,0.0024971367090644908
75,1.8995363927183118,0.251592428842415,0.9177401149583173,0.016791793968114865,0.003475,0.8,0.125,0.17771306829231573,0.04083017688221063,0.012102272750596948,0.049101677942553115,0.05289859117797377,0.03033482597350714,0.0002501400422198849,0.0030647186961157875
76,1.8993369141368466,0.25430411272235054,0.9352922101874793,0.0167939304752096,0.003475,0.9,0.125,0.19179292943862483,0.03494097218090889,0.014417929309458505,0.05287990266918173,0.0575576455944744,0.031386865328989405,-1.005325513143924e-05,0.003547150993930684
77,1.8991235097135915,0.2544305698730422,0.9273934305920001,0.01678948857361651,0.003475,1.0,0.125,0.21081230303490012,0.03478643543429214,0.009882334402904843,0.05383324893857934,0.05172465466213671,0.03291095494839227,-5.7511694796063265e-05,0.0033282947734077297
78,1.8993206212862497,0.24918881822618194,0.9216485386634863,0.01679110234242074,0.003475,1.1,0.125,0.2942291667421508,0.03095170459221323,0.012139204564800362,0.07250508863029298,0.06808711106682457,0.04819006863229488,-0.001246862676672296,0.006107562642749018
79,1.9003498369447631,0.2544484756243296,0.930188486555971,0.016795769788689224,0.003475,1.2,0.125,0.37270255766122035,0.02492803034788313,0.028169191960456152,0.10576876278869254,0.10205670294097366,0.07337157084729397,-0.002520391379372874,0.013492994602816166
80,1.8992251990123024,0.25142337798672765,0.9252616530743468,0.016790870887485477,0.003475,1.3,0.125,0.5745170458379869,0.025973484909260113,0.003288194424973394,0.13289528036528633,0.13197381204230393,0.08363588240062475,-0.006315550671926029,0.02103660171663828
81,1.8987545772899983,0.25615947228973257,0.9280690125648959,0.01679047577062854,0.003475,1.4,0.125,0.825622158633037,0.02595675501527354,-0.00932291672657499,0.08116563724550353,0.08654088176868847,0.05999605082813337,-0.0022678850014104563,0.008838355500871375
82,1.8999510168652622,0.25148671688402413,0.9251882998188434,0.016796785314337138,0.003475,1.5,0.125,0.8901265777948529,0.017475063165278183,-0.010719696994930578,0.045022512696320495,0.03985039915624649,0.02568699450478372,-3.109609964065584e-05,0.00213745132454565
83,1.8993421209261137,0.2541249300565114,0.9262643573093139,0.01679361547736871,0.003475,1.6,0.125,0.8837342169323955,0.017397727273437524,-0.013504103553567242,0.030884316073779214,0.0270105015628171,0.01596262948920704,-3.508021475341681e-05,0.0009691068571148722
84,1.8988973976838597,0.2615306835076001,0.9416689178669323,0.016790685997448433,0.003475,1.8,0.125,0.8693273353644393,0.014823863629399884,-0.01914046722977402,0.036525752074238894,0.0344359112480962,0.015599737120584527,0.00031879157149250606,0.0013816571731534342
85,1.8998830420928436,0.25395380101861253,0.9284681352389558,0.01679518019490443,0.003475,2.0,0.125,0.8840400877436905,0.006186237333094316,-0.021296401585284987,0.02741995868147398,0.021596010387025927,0.011221972416072453,5.7784510602902496e-05,0.0006720872318186816
86,1.8994165973319534,0.24917227089506844,0.9192028768315684,0.016793378544210126,0.003475,2.25,0.125,0.8633020827452643,0.0042509469332633835,-0.025632260183317497,0.04415410787699457,0.043320560220149136,0.024540271722393706,0.0005274873363778586,0.002214240558204879
87,1.8998402131886014,0.2619373246549093,0.9425742037121703,0.016795350704605257,0.003475,2.5,0.125,0.8727124361603549,-0.01158838383042791,-0.028053030383608814,0.02823214376498999,0.021521829775225786,0.012643558129357125,3.51672881537256e-05,0.0007100513303056454
88,1.8992299434786086,0.25092855651800766,0.9255281495623197,0.016794370787408922,0.003475,2.75,0.125,0.8667645192319395,-0.010717803049236394,-0.025888573297737767,0.025703451723404377,0.019760415617071703,0.010635306452788894,1.556550688589182e-05,0.0005821255996007619
89,1.8986255183486083,0.25029631564286603,0.9240322744608975,0.01679107625605449,0.003475,3.0,0.125,0.8737063084303016,-0.015957728693700962,-0.030829653125263645,0.031327463541002895,0.020361080698273797,0.01096075613922853,-2.31749654521795e-05,0.0007580608771290596
90,1.898780894379374,0.2547428287644242,0.9235768562694194,0.016788815177272137,0.003475,-3.0,0.25,0.8945624993530789,-0.020694006306680408,-0.030198863741143306,0.0420098814592506,0.028102601524368737,0.013713205108423668,-8.576151644367365e-06,0.0013713191735017184
91,1.89967442613134,0.2528929821288468,0.9251999537674263,0.016794520068994394,0.003475,-2.75,0.25,0.9018765387943124,-0.022987689429973757,-0.02410763897418604,0.036947444421731944,0.02642314542490781,0.011557665863249477,4.4266689808320374e-05,0.0010984379518246597
92,1.8992741400930884,0.25677973454535263,0.9299529257114181,0.016796586043963876,0.003475,-2.5,0.25,0.8924365526799,-0.023767361184545366,-0.023227588464303124,0.047096275377723144,0.05037904803770688,0.026812709265364092,0.0003170180779954028,0.0027375145068944257
93,1.8989608001725213,0.2544525625756531,0.9252438860813629,0.01679135981891677,0.003475,-2.25,0.25,0.8959693805399266,-0.025342803074278036,-0.0229214015865485,0.033479095246200165,0.03412635149962619,0.01661200729439777,-4.334728344833915e-05,0.001280708235764653
94,1.8995806324308138,0.2527514026644829,0.9211332917388925,0.016792688972849745,0.003475,-2.0,0.25,0.9055293556679078,-0.021714330859663965,-0.02168939401930071,0.0275540981867254,0.022131183676706415,0.012971296591839196,1.7749671152737257e-05,0.0007086360765446398
95,1.8993146668763716,0.254781938449754,0.9212967142223248,0.016794117419580385,0.003475,-1.8,0.25,0.9023914140733805,-0.022110479849601173,-0.021027146536248945,0.02912519087935515,0.025278095524966297,0.012988116992154181,4.9580168635591524e-05,0.0008279750200650388
96,1.8993436088135554,0.2559564604034582,0.9273994107148126,0.016791375315203368,0.003475,-1.6,0.25,0.9041774544499068,-0.019863909150126476,0.0039616967510504525,0.03666483594600031,0.04308970363548336,0.020825207330354638,0.00030735235664119075,0.0018173610073465804
97,1.8991271351792034,0.25904782222837697,0.9296554143238279,0.016793399087547574,0.003475,-1.5,0.25,0.9067343649838593,-0.01947062544051654,0.01459626939612636,0.04188979357330659,0.04878681931391607,0.02597914627753705,0.0002676945255535407,0.0024049122928462997
98,1.8998074385676713,0.25456345315776907,0.9254605682849729,0.01679613819920748,0.003475,-1.4,0.25,0.9075458562973554,-0.017078016478936316,0.034517045490219694,0.05966178562578008,0.06487680579027147,0.043345769882996064,0.0003203299490008763,0.004823692180177395
99,1.9003938581120674,0.25377054490598494,0.9270537008859783,0.016798751996508952,0.003475,-1.3,0.25,0.8754574063660912,-0.023861111151846772,0.05710164146629989,0.0938349220321738,0.10456753906962475,0.06878678368878988,0.0024917848075213505,0.012235492215055002
100,1.8989351497346452,0.25520771415404636,0.9259352815314134,0.016791260526119102,0.003475,-1.2,0.25,0.736525681278231,-0.04004357435220319,0.04377904045737303,0.17378288283537852,0.15194719707813714,0.10596285531280729,0.004831380575816474,0.032258283886260036
101,1.8992846328191513,0.25507827501172314,0.9273827780405665,0.016792656788287737,0.003475,-1.1,0.25,0.5930781745843365,-0.055598482508025356,-0.034179924112377746,0.18447082395706219,0.1806912783535477,0.141046704323968,0.0061268239537255855,0.04328649788254477
102,1.8990449537576466,0.25493296435495055,0.9271397775138954,0.016790568900424973,0.003475,-1.0,0.25,0.541311508363947,-0.04875721079810255,-0.08411805558852843,0.15217160131134067,0.15029252808368737,0.15418112343424176,0.006013843937519191,0.03475792953344423
103,1.899046312185208,0.2505687267181032,0.9191290913310156,0.01679206103150171,0.003475,-0.9,0.25,0.4708227718145448,-0.04977033044682109,-0.078899621332624,0.14653153645742495,0.1473800148019135,0.14429637742166693,0.007856025961389759,0.03200690223830102
104,1.8997308976172043,0.25185880965946894,0.9208785463147057,0.01679254653904343,0.003475,-0.8,0.25,0.4067444374405312,-0.06635712026513291,-0.08702998741519152,0.1279527171203184,0.13289039690248558,0.12415737483805626,0.001093569919192929,0.024723404567024987
105,1.8990891443392042,0.25501851475572707,0.9296806742592798,0.01678977531453958,0.003475,-0.7,0.25,0.38033733036789047,-0.05443375392388024,-0.061523343932672406,0.11792908899877455,0.11931603005586226,0.09741094574097127,0.0013690970530191233,0.018816238705261383
106,1.8991675522993368,0.25205753334369657,0.9234911839147213,0.016793785987069536,0.003475,-0.6,0.25,0.40660132565803125,-0.04143497469237326,-0.10756912893181163,0.12331313249118608,0.11101663568644801,0.09176568142434208,-2.5537681272827712e-05,0.01797588116560009
107,1.8999527417968192,0.25253642087843625,0.9273480063590123,0.016794261907720445,0.003475,-0.5,0.25,0.3978942553903743,-0.0357228535268414,-0.10694128806139677,0.12198159727565672,0.11171407401667219,0.08594601146598349,0.0011141508120479512,0.01737313064711699
108,1.8988178689804946,0.251048367431517,0.9215149667364189,0.016789874544691958,0.003475,-0.4,0.25,0.31928264956322,0.003887381708713642,-0.0579593060994653,0.09083383920794552,0.08833321772422749,0.07807440395885386,0.001581902508055222,0.011074578126150486
109,1.8988003498478376,0.25528493249048534,0.9327498732929773,0.016791777533444907,0.003475,-0.3,0.25,0.24677304284602422,-0.0036736110377380026,-0.02952114900615539,0.10153086711965999,0.08631344935201007,0.07020277403530424,0.0031862202332888266,0.011343478999682025
110,1.8994165196098607,0.25114716414237925,0.9218474291238695,0.016793753802507534,0.003475,-0.2,0.25,0.21828598502638716,0.009004420554000716,-0.03006313137662764,0.07683234498754653,0.08394684977990365,0.06831200576625676,0.00056792658293877,0.008808406478032086
111,1.899939910801406,0.2521377361958712,0.9239324406101604,0.016796394990925598,0.003475,-0.1,0.25,0.18734670063564693,-0.013333333325025513,-0.028751893913527102,0.09868672128061287,0.0887723119436118,0.07646627076064288,-9.729856486310269e-05,0.011733341444485621
112,1.8993409595804756,0.2531190084544389,0.9242003082886753,0.016793057383368004,0.003475,0.0,0.25,0.21257196982950324,0.005011679235670299,-0.009873421680308041,0.09484642634744232,0.09347581219218255,0.06648818500177055,-5.46288592378264e-05,0.011077125400349327
113,1.899161206756892,0.24972059058919702,0.9217360415795185,0.016791979542929825,0.003475,0.1,0.25,0.2694057559140264,-0.028630764368694717,-0.026445075794412094,0.1282795171436357,0.13059409341287276,0.0897261415016523,-0.0012261463437344881,0.020780616110854497
114,1.8989316132621121,0.24865070212849996,0.9213698774300535,0.01679063326954898,0.003475,0.2,0.25,0.24949115603530206,0.010908775208357691,-0.035812815661182586,0.11480879933697904,0.11134149956589723,0.08952238951703048,0.0019501972979424778,0.01679612407781017
115,1.8998123950152555,0.24960480520310513,0.9195177982839964,0.016796481957720804,0.003475,0.3,0.25,0.2082376895906613,0.0067007575275827985,-0.014095643998051386,0.09771270190643018,0.09003636742699214,0.07293189047298623,0.0014844322509083593,0.011486690110633437
116,1.8995815681261627,0.2488934996812196,0.9180890597670917,0.01679436599396352,0.003475,0.4,0.25,0.17422979826953838,0.008290719716560396,-0.010535669234649495,0.09386913093082735,0.082661117090191,0.06522689622826766,0.0023222592781430933,0.009949411005940136
117,1.8991428778212995,0.25304995277554154,0.9234980539299817,0.01679118246143679,0.003475,0.5,0.25,0.12865467199596672,-0.011096590987723873,0.002304924251067786,0.06386111381051425,0.0641003456172359,0.03789721223846163,-0.0001311207951783669,0.004811647430407778
118,1.8990694714265584,0.25142682663134,0.932117234620172,0.016791974117847004,0.003475,0.6,0.25,0.12129022103652787,-0.004177917999785382,0.010826182992958497,0.058756619933328744,0.055700182348624123,0.03515139518269388,0.0007539939070745976,0.0038952356414747686
119,1.9000416328408476,0.25222651736516144,0.929654332307179,0.016794069485126333,0.003475,0.7,0.25,0.14156849784826545,7.291668049275e-05,0.02462279048113763,0.04460360318381379,0.04349880336675548,0.03261362352041119,-0.0002172643013436675,0.00247263787522495
120,1.899963708879062,0.24979699464880195,0.9217776158953178,0.016796822292344547,0.003475,0.8,0.25,0.17028156580636278,0.0011297348389758333,0.027449810695359685,0.04406811757284286,0.039092296081474326,0.026648763130507482,-0.00014526727287220303,0.0020901815878607245
121,1.900447641082118,0.25128192404420646,0.9230320626034685,0.016794828903834044,0.003475,0.9,0.25,0.2030448232144776,0.002610164131813993,0.02799116171772399,0.04923692842497953,0.040193359956699114,0.029525058714185756,-0.00041176314370074894,0.0024557551987057285
122,1.8993159231725405,0.2556014057216312,0.9323473322710806,0.01679273005952464,0.003475,1.0,0.25,0.27892487357850326,1.830804941357311e-05,0.028048611205921396,0.05451091099545626,0.049039315638808166,0.036343325303099416,-0.0005812161101111591,0.003348565594982058
123,1.8993677566772884,0.2558118286001958,0.9297904381562881,0.01679264682984551,0.003475,1.1,0.25,0.3607927442161067,0.005637539476663027,0.033700315514616136,0.0632212797432648,0.05815286219252228,0.04602942184181174,-0.0007849041425928029,0.004748696634325044
124,1.899434321952787,0.25624737446280144,0.9300594252388146,0.016791370775363412,0.003475,1.2,0.25,0.4848645828156309,0.004404040470715222,0.017169507636697175,0.07679515535881533,0.07551072925302518,0.046824975066370546,-0.0014005308632144514,0.006895972204437239
125,1.899775805995846,0.2584989493589497,0.9349262984907333,0.016794890533846397,0.003475,1.3,0.25,0.6891830805595024,0.017148042928506538,0.02100000008600417,0.1008365855054839,0.10059819429008011,0.05665501791357806,-0.0034205072169455606,0.011748902362808662
126,1.8989111731554982,0.2561545355321996,0.9351470898514735,0.016791051668855035,0.003475,1.4,0.25,0.8752869311437914,0.016074810674314967,0.013204229821463062,0.05648133170201478,0.06099833202267904,0.03582900295645828,-0.0003413693073698004,0.004097327396617953
127,1.8988161718384229,0.25627659809792475,0.931261066927878,0.016789862894394634,0.003475,1.5,0.25,0.890873420795407,0.014992424229318993,-0.0010969065705733491,0.03183254169488797,0.0320717011848687,0.012229358685181548,3.311489159165066e-05,0.0010957309707495574
128,1.89915740502845,0.2525049258532107,0.9260708420147221,0.016790746257904953,0.003475,1.6,0.25,0.8964207691676689,0.011008838365406252,-0.005916982345315957,0.026132301337702078,0.024466980421323597,0.011423813972435885,1.0545220391552213e-05,0.0007060169149093598
129,1.8984580466384406,0.25411256364615237,0.9326739632805732,0.016789112377799814,0.003475,1.8,0.25,0.8467099107049331,-0.0020640783682991776,-0.013973169240496719,0.03730022752262115,0.03727914772321873,0.018062031224949697,4.880746381978757e-05,0.0015536394000899632
130,1.8991009884965528,0.2576360773508939,0.9361859700640017,0.01678696470601684,0.003475,2.0,0.25,0.8820933745674531,0.0034293375108009117,-0.02066876978535581,0.02464941800230749,0.021418591167890178,0.010004765609797281,4.6045094246970014e-05,0.0005832225951883429
131,1.8996821209271908,0.25094713686703357,0.9289774217742631,0.016796655206533288,0.003475,2.25,0.25,0.8701934964405467,0.0016720327969438824,-0.021933080886700543,0.033993595098934314,0.029775720214677615,0.015329666685615327,0.0002160615583136751,0.0011385783513725583
132,1.8996953593622803,0.24924559791960202,0.9213546366215343,0.01679248490903108,0.003475,2.5,0.25,0.7976745574387035,0.012554608601637271,-0.027719697023712797,0.056902493252358605,0.05357181112704306,0.0321144924810219,-0.00040302598201200844,0.0035695866565399518
133,1.8991224902197759,0.25247428089871593,0.9338625356743822,0.016790632584771065,0.003475,2.75,0.25,0.8668068175138247,-0.006854482362210878,-0.020296717223545507,0.024064004937544233,0.019302597034369855,0.008687858132518354,3.1574836212947444e-05,0.0005135727324180912
134,1.8997020300307976,0.25338885594627847,0.9261515788707481,0.016795395899947645,0.003475,3.0,0.25,0.8597446329176727,-0.01689236111905293,-0.025113320814375353,0.02859824143805904,0.01928432508478307,0.009434622224152877,3.0515185872558195e-05,0.000639378351918795
135,1.8983357441022963,0.2517904866474362,0.9207812106203483,0.016792071303170435,0.003475,-3.0,0.375,0.8837278164972595,-0.02125978533608805,-0.0301581939945852,0.02904494654815193,0.022359827105039528,0.009323260745092706,1.8163686995188956e-05,0.0007152469895366247
136,1.8997617936418059,0.2540848799896304,0.9255065920587948,0.01679365587926569,0.003475,-2.75,0.375,0.8931240525021397,-0.02039772732711175,-0.028533459680138457,0.029893182844420343,0.024650209984084147,0.013121403490360766,-1.8652057698765298e-05,0.00083670323119312
137,1.8992517622486516,0.25489771864069644,0.9276269924156141,0.016790313210400032,0.003475,-2.5,0.375,0.862580440905568,-0.020694637287676933,-0.017545741342216706,0.0586488724286149,0.056381833754446775,0.03366067398242614,0.0007045271859717958,0.003875821193806599
138,1.899123547334147,0.25165526724638776,0.9252368389253676,0.016794854925394814,0.003475,-2.25,0.375,0.90756818185551,-0.015793811171328845,-0.028379419286199727,0.0313056950991285,0.025667571682193444,0.012386555169096036,-2.7466037429417995e-05,0.0008961487653285982
139,1.8994213174172236,0.2560006903626105,0.9319496589887262,0.016793253229851684,0.003475,-2.0,0.375,0.9018194438005337,-0.019396149015194923,-0.023697285449217283,0.028766325969691038,0.023270721173765815,0.01209717989028721,1.3595463382268992e-05,0.0007576848675198215
140,1.9001385513794469,0.2500630689862492,0.9198855935185378,0.01679483369727945,0.003475,-1.8,0.375,0.9037190653722394,-0.01809375004405879,-0.026906565757654433,0.03272770945324189,0.02735251524210605,0.015734945005942465,4.02949956940629e-05,0.001033425775232748
141,1.8994532654992244,0.24737028587462093,0.9230866500396737,0.016792141098241342,0.003475,-1.6,0.375,0.9005309327910043,-0.005982007651934941,0.006382716078846,0.02877480816794285,0.027049606021528883,0.01581695611576513,6.035518513280946e-05,0.0009049234358949411
142,1.8987045930770108,0.2555433612568657,0.9334030509917001,0.016790329912932646,0.003475,-1.5,0.375,0.9080139012698314,0.0009415296734444321,0.008490196119562135,0.03897119805915212,0.03352105680780095,0.021195128242161392,0.0001238761008412145,0.0015458244944395738
143,1.8989623763101389,0.24813401853909828,0.9248743553686946,0.016794633057350364,0.003475,-1.4,0.375,0.9046546484495099,0.013833017658386109,0.011477725142701331,0.049472163826211946,0.04411563905908489,0.03861483017888901,0.0004146268079635919,0.002942394856491724
144,1.8996238343876035,0.25295840273384906,0.9307423820709642,0.016790853768037604,0.003475,-1.3,0.375,0.8972742853088984,0.04460581189856305,0.018888257608091638,0.08539035893325893,0.06829310996273552,0.060687216753595695,0.0008487012787984833,0.007819200272215493
145,1.8990921607974642,0.2535740765724677,0.9288650631816298,0.01679495216385874,0.003475,-1.2,0.375,0.8654547758892259,0.0739598990747597,0.016010101045700286,0.1162922196904585,0.09979805596852838,0.0877823146726901,-0.00033334872860540373,0.015594633552463284
146,1.8993118650671272,0.2548431567758786,0.9324967504583862,0.01679008463887664,0.003475,-1.1,0.375,0.8164761288539745,0.06384712573880975,-0.031100315431445803,0.14804476889600546,0.13919791211512228,0.1198847476010404,0.003203670647222005,0.027832832521023067
147,1.899592253480094,0.2551266828412625,0.9267119810500141,0.016794484460542814,0.003475,-1.0,0.375,0.79274934647617,0.07219235643172908,-0.0739586490796655,0.14194203727127985,0.1346165137362924,0.15735443973584165,0.0021467412938230564,0.031514783709907714
148,1.8996154481532457,0.2539506980367391,0.9341807326274433,0.016791070842636653,0.003475,-0.9,0.375,0.7681975189658442,0.07198326507211114,-0.09535700763003799,0.1575306858777848,0.15254782043723086,0.1548639241097267,0.0020163002489487834,0.036034794751969065
149,1.8994976933827803,0.2516180027521918,0.9271345236632099,0.016791259841341187,0.003475,-0.8,0.375,0.6862410457463178,0.04411840853357778,-0.06796622471040911,0.15666068264997893,0.17476754240866516,0.14708441226717156,0.00465369690939649,0.038360043849950634
150,1.89898476978273,0.2516346110954303,0.9298515498168946,0.016794320798621133,0.003475,-0.7,0.375,0.6760061153514646,-0.004274621166743343,-0.09858554297548983,0.14667166446473617,0.1590417517719433,0.13688230515583458,-0.0006101739696721924,0.0327718107141598
151,1.8996644627890216,0.24895671443046208,0.924465505905734,0.01679634911080529,0.003475,-0.6,0.375,0.6145992986317563,-0.025841805929383354,-0.09818623738130848,0.14655739323404504,0.16528925749155005,0.11136190907625043,-0.0009693371546007586,0.030600541473386755
152,1.8995856775828657,0.2547973847231197,0.9283521435009435,0.016792945764567857,0.003475,-0.5,0.375,0.5237492874595501,-0.05367762323343972,-0.08390277777098071,0.15540646192017663,0.1555193971176081,0.0901264755520241,0.0011711068802066162,0.028230116440900597
153,1.8997875014980585,0.2612216062621776,0.9406318597205456,0.01679643950149007,0.003475,-0.4,0.375,0.4536442952626437,-0.08798576854329154,-0.07860606065624973,0.1531944862976112,0.16298543236289567,0.1117582850039877,0.0047257633972947605,0.031261358030770785
154,1.8991796762516502,0.2535851324008051,0.9269217808329856,0.016792599266942883,0.003475,-0.3,0.375,0.4084530650117074,-0.06943921709523919,-0.09558428043006147,0.13436301670263062,0.15176060344654546,0.11316244013770048,0.0018740013454943956,0.026945219436904835
155,1.899708650958274,0.25151618422554317,0.9234542212744583,0.016797595406610556,0.003475,-0.2,0.375,0.3408322767897869,-0.06262085312653015,-0.06069760098909334,0.13853740307153797,0.16102550223769152,0.1064903880457014,0.0010726931369569681,0.02823101358341532
156,1.8993277411420053,0.2563919122283554,0.9327461876582993,0.016787254868669294,0.003475,-0.1,0.375,0.326804985792816,-0.06273312304688218,-0.042983280802703805,0.12238536600089665,0.13067299975903415,0.09160045972559788,-0.001085168908837427,0.020222127449569423
157,1.899237209492899,0.25421273354937374,0.9287347739188022,0.016795430823621314,0.003475,0.0,0.375,0.421706422211762,-0.10778125006471222,-0.06804797983138335,0.1419061092662781,0.14309959732182415,0.12594741311400692,-0.0022727951818437508,0.028238794735435703
158,1.899313390794367,0.2489437957364497,0.9179182356382747,0.01679598206984287,0.003475,0.1,0.375,0.5083987199038267,-0.10424913169479719,-0.08226452037181137,0.14687729755600779,0.16032794037035641,0.13251514893058675,0.00016230322880067384,0.0324191268484261
159,1.899606680786003,0.2504069429627651,0.915939362295774,0.016796722314768957,0.003475,0.2,0.375,0.443959481387954,-0.07111840854845305,-0.05477619940534674,0.16482521516047793,0.16388197885620942,0.12450745187262559,0.004630593855263087,0.03476338005916955
160,1.8987912043662445,0.2524718166226061,0.9268095828817685,0.01679055315053293,0.003475,0.3,0.375,0.3679391720996588,-0.04230842314401914,-0.036724116110740904,0.1696248009142732,0.15951332517463718,0.12253159621730758,0.0056948028787890325,0.03461553303251883
161,1.8994209116638714,0.2451108913034482,0.9172733986195766,0.01679513568433996,0.003475,0.4,0.375,0.2882245090379653,-0.027559835744894075,-0.007368371199882317,0.14371582168384744,0.1331236944122973,0.11127945805084984,0.004759770294806417,0.025379636600166497
162,1.8994225218382552,0.2491453710667206,0.9205303199152421,0.01679250134370104,0.003475,0.5,0.375,0.20427560072265508,-0.015305336363083396,0.004849431816495266,0.11463174371806643,0.115466087390002,0.08505332408897459,0.0028255923445527687,0.016853460971792095
163,1.8991573733159246,0.2535055436942343,0.9220989188530887,0.016791833685233938,0.003475,0.6,0.375,0.17486327783086839,-0.024178402321407277,0.026910669235619918,0.06483089587907365,0.06690052715909237,0.0528284212437894,0.0004160084947098657,0.005734783842879501
164,1.8988555727554426,0.24923438205933274,0.9242535560284648,0.01678978968580303,0.003475,0.7,0.375,0.17762618311269543,-0.02110883290486481,0.02928580451210996,0.046362486050290135,0.05305330200529252,0.030166421029202025,-7.441039449787553e-05,0.0029370729620696026
165,1.8995035939714442,0.25563480940719735,0.9311378425290504,0.0167921521069644,0.003475,0.8,0.375,0.22020202008489934,-0.020311019952545126,0.029039457154482595,0.04056265677108789,0.03775158804898921,0.02463517950591642,-0.0001085175643222353,0.0018387017969191959
166,1.8992903591342722,0.2458102508656289,0.9258710483526855,0.01679287523244262,0.003475,0.9,0.375,0.25222474723969673,-0.013658459610554138,0.03251736120070534,0.04069948683575636,0.03831827964451506,0.029551471705538762,-0.0002924246184268599,0.0019990141317862103
167,1.898648849837212,0.251106883085467,0.9266467678529274,0.01679170974043133,0.003475,1.0,0.375,0.3073074492541226,-0.01127967180777106,0.03251325765174415,0.05085818004286781,0.03857467767986487,0.028730655845837925,-0.00046052103368278673,0.0024500054103551014
168,1.899923587653158,0.2515611838651652,0.9266837093644926,0.016796033428186495,0.003475,1.1,0.375,0.3915741790151882,-0.007658143931878684,0.028641098538899297,0.055135040245821026,0.05080800039862303,0.03809678721430774,-0.0004435637174007949,0.003536345381733512
169,1.8993479910225421,0.24904696823659592,0.9253353094211078,0.016792869754219297,0.003475,1.2,0.375,0.5215684973512484,-0.00448516411937578,0.01463320709275778,0.07678890753285084,0.07475174271890646,0.05502097230977698,-0.00137285739478942,0.007255833376757773
170,1.900234480936382,0.25169557771275697,0.9273993007206011,0.016793318283753605,0.003475,1.3,0.375,0.722377525068669,0.009200126265329685,0.022547348526866774,0.08727205937967863,0.0916760518394558,0.049595112332292336,-0.0017492866995743046,0.009240292998246719
171,1.8993244080261833,0.25476634103723744,0.9338773450323692,0.016794222875379294,0.003475,1.4,0.375,0.8768150243870537,0.009893623777940655,0.019956123801834605,0.049831330573390786,0.056600488344639134,0.02477771708109345,-0.0005083334199244334,0.003150356025658446
172,1.8990883531875458,0.25702324930051024,0.9353919692020325,0.016793321022865265,0.003475,1.5,0.375,0.8950214637537496,0.007630681844676299,0.009971590923853019,0.03163952483960702,0.0284302371034498,0.012454100643403666,2.8178901568516357e-06,0.0009822212683352554
173,1.8990775808068014,0.25744690686680116,0.9333886906014232,0.016791027667497124,0.003475,1.6,0.375,0.8916205038971705,0.0037315456990273054,0.007009148296506411,0.025692506652311948,0.025288321993164477,0.009538875066553591,1.6096226468896438e-05,0.0006952971324221888
174,1.8992882629291403,0.24893127630854883,0.9242070311782751,0.016793390185434676,0.003475,1.8,0.375,0.8497256928810266,-0.0013901515685023642,-0.016308080854342377,0.03985488411601334,0.04000842637658358,0.020671960753453098,-2.0542921867599063e-05,0.001808207965211833
175,1.8995654731159057,0.25015025093597115,0.9262189866080557,0.016788878868530806,0.003475,2.0,0.375,0.8814265864069318,-0.004839015208754155,-0.019444584824404504,0.024864233383770085,0.02181123031326331,0.009355350592850614,8.843945042484166e-06,0.0005907412271279766
176,1.8992135355146091,0.24500176177948182,0.9193144496616903,0.01679086883315173,0.003475,2.25,0.375,0.875714645899757,-0.008844381330613896,-0.025397096022098054,0.02680694650370545,0.02240262516555213,0.010795862596635616,3.249547124598385e-05,0.0006685203221830957
177,1.899338847194301,0.2565596826658591,0.9366475142673485,0.016792097324731203,0.003475,2.5,0.375,0.8542872464303115,-0.018836805628035854,-0.0169469697736871,0.03994207770846662,0.039454161845739105,0.020284164196745356,-0.00020613874116963044,0.0017817238878897437
178,1.8998446225437684,0.24766192388522648,0.927498503788277,0.016794634426906194,0.003475,2.75,0.375,0.8716152129751263,-0.017727904079727137,-0.019799873809663242,0.025967612727551666,0.022155695190516286,0.011563902423218694,-1.7297129083124463e-05,0.0006494577896984465
179,1.899206948542994,0.2527513118784195,0.9279574246916011,0.01678972261990694,0.003475,3.0,0.375,0.8654135641051391,-0.01852302841173062,-0.024806940134347356,0.02874052726029988,0.021359716367039996,0.009042797810649449,6.994216646927165e-06,0.0006820137913623616
180,1.8984722153517382,0.25314681132316685,0.9319412185015171,0.016788521592890283,0.003475,-3.0,0.5,0.8900668971656662,-0.019391798114621488,-0.02928557914810895,0.03499444070436769,0.024482849128457253,0.010956187344548474,-1.2930327870896309e-06,0.0009720294113935751
181,1.899400070484,0.24754577853807264,0.9179739120876342,0.016794602242344192,0.003475,-2.75,0.5,0.9043173194685115,-0.01950852272457636,-0.03162338084108704,0.03475875646031258,0.024218607787956682,0.012155042013743117,4.482722280780781e-07,0.000971228580105029
182,1.8994095420197836,0.25182121444703387,0.9285592947140874,0.016790446325178194,0.003475,-2.5,0.5,0.7870031558165346,-0.018969065680427565,-0.03798232334028022,0.0617200574134217,0.062424568254946966,0.03395676021983443,0.00040224610351959045,0.004429626886779967
183,1.8995800998871095,0.25388262462089095,0.9326245216484756,0.0167934689348949,0.003475,-2.25,0.5,0.9066382571490426,-0.01659122477793411,-0.024731376352340732,0.034261230213558286,0.025344891451184,0.01268689081043823,3.758253256943034e-05,0.0009885763084273604
184,1.8998037675548014,0.2523486960861999,0.9254775414980523,0.016793803106517412,0.003475,-2.0,0.5,0.8985707514924636,-0.018575441914031723,-0.027347331943852343,0.03306304318731063,0.02417566428234526,0.01204297033811603,-1.8659314949277994e-05,0.0009113303514316876
185,1.899080499240662,0.2470879097691283,0.9181466131029938,0.01679144648717473,0.003475,-1.8,0.5,0.8949078855830412,-0.021979179825635232,-0.031627129420288475,0.036578643581325454,0.026368216648925757,0.013426811379982403,9.135080996129057e-05,0.001106779639663976
186,1.8996234162663288,0.2520098226118706,0.9300873561093032,0.01679204665116549,0.003475,-1.6,0.5,0.9016726638256299,-0.015477588516219068,-0.00446906567076715,0.02915917530142026,0.025691721018866173,0.012849421386407035,-1.751239611786551e-05,0.0008377148315678308
187,1.8990798868516454,0.25696879938299094,0.9360226725105601,0.016792897145335897,0.003475,-1.5,0.5,0.8989927387523531,-0.005173611201513782,-0.008440340942365995,0.02950598623266038,0.0268211113098175,0.013380606638754455,5.512625484298055e-06,0.0008845079347383219
188,1.899230426977465,0.25057982671659007,0.9291064833084494,0.016790242261359528,0.003475,-1.4,0.5,0.9052238000387495,0.004148358544001104,-0.016996527843436315,0.03201155119338052,0.028041333357557294,0.015035679031606495,3.2559606648003924e-05,0.0010185637151087841
189,1.898957702953507,0.24896628741202195,0.9276802784083296,0.016791357079805114,0.003475,-1.3,0.5,0.9113351260040757,0.01324565284065443,-0.021761302612352394,0.045549806846462884,0.034823533810774555,0.0317978458844495,0.00018702546993119024,0.0021492832068557184
190,1.8996620132018855,0.2518699852765791,0.9293557846818479,0.016796362121585685,0.003475,-1.2,0.5,0.8988001261331097,0.017799179006693165,-0.03405527489828163,0.039548184588004416,0.03219301734081903,0.03121561832085144,0.00016330296009744126,0.0017874320484331104
191,1.8994816748887424,0.254287832095211,0.9262436111262807,0.01679488574040099,0.003475,-1.1,0.5,0.9088593991446834,0.02390429569707315,-0.04963415420015643,0.052146591887304,0.040572755108876174,0.044389770384844415,0.00011135255469100934,0.0031679336087025436
192,1.8999540931933212,0.2568381253340374,0.9347244215192811,0.016796712043100234,0.003475,-1.0,0.5,0.8943502841045491,0.0166723538562729,-0.07269109308636387,0.05794235643810794,0.05727020641804027,0.04653039511910826,0.0007912717247008758,0.004401135441353012
193,1.8994129920795941,0.25125570503515915,0.9280316785139988,0.016793325131532758,0.003475,-0.9,0.5,0.8898316496960814,0.006980744945008844,-0.09940467195010937,0.05113685261652893,0.06586730955326878,0.044774897288226395,0.00043447386172306714,0.0044791357952409785
194,1.8986532859304477,0.25704979664188815,0.9328296239863809,0.016791263950008673,0.003475,-0.8,0.5,0.8699451701060664,0.009672348530780209,-0.08543150270674636,0.09094090415959256,0.11649180333428874,0.09487431404381148,-0.0006198775569350526,0.015420861879361283
195,1.8992514180332911,0.25302576830816914,0.9294285489182125,0.016792061716279623,0.003475,-0.7,0.5,0.8622701820725828,0.005266498282713798,-0.053798611180088364,0.1065366503414884,0.12356726157184199,0.12281371857569015,5.3452874682759025e-05,0.0208510677343687
196,1.8998638245949435,0.24897317755598158,0.9276106623903128,0.016796001243624487,0.003475,-0.6,0.5,0.8559797748444934,-0.01113044851167164,-0.06463131330074799,0.10881001098522478,0.12244204361540476,0.10394466247855216,0.00039804856720017915,0.018818082696550775
197,1.8998645726922176,0.2507456359534725,0.926588508083666,0.01679356754291466,0.003475,-0.5,0.5,0.8303526028351521,-0.01392225033295866,-0.06763036615662676,0.12516066509459972,0.14785125838115568,0.09364988622767272,0.0023711129918098555,0.023147743941134925
198,1.8993881776787136,0.2529350684358325,0.929921843414503,0.01679313750238405,0.003475,-0.4,0.5,0.7737781298283352,-0.015492891005091781,-0.04101736124287738,0.14082491922311366,0.1638273809488555,0.10347983588846377,0.004321316405420478,0.028689572529130652
199,1.8993501097729686,0.2512999861487259,0.930481250304238,0.016792587625718322,0.003475,-0.3,0.5,0.6653314228479468,-0.047410167451685616,-0.07352178033941509,0.15837152977449184,0.17235283213792366,0.12489976358861701,0.005581881991020955,0.03519349556678423
200,1.899474332768838,0.2496043077402002,0.9295137488979548,0.016792925906008324,0.003475,-0.2,0.5,0.609925344820322,-0.030788692319022922,-0.09219728542883225,0.1423244731545751,0.16624126958696975,0.10806172802853106,0.004887260492523625,0.029784876218563572
201,1.900527375197948,0.24798603247146955,0.9248618472332462,0.016799889412625727,0.003475,-0.1,0.5,0.537887729212505,-0.01861963370751567,-0.06584816938343327,0.15544370107752914,0.1642128673391772,0.11592009516127676,0.003920588773944038,0.03228303923331695
202,1.8987831200788017,0.2504052387541537,0.9280314191154558,0.01679130298234983,0.003475,0.0,0.5,0.5275009476181092,-0.04952114894437883,-0.0619618056666925,0.14733282148035315,0.173169926462101,0.11384016102229715,-0.0013641828009714045,0.03232718298891681
203,1.9000813989701946,0.24901366729691818,0.9259113443505316,0.016795398639059305,0.003475,0.1,0.5,0.5606731318166873,-0.06631638772126504,-0.06390151514859448,0.15049484663775836,0.18056143104098019,0.11447045039597877,-0.0060129613635947566,0.03417730662897364
204,1.8991203855841896,0.2488794546771308,0.9275116539775404,0.016791570730514585,0.003475,0.2,0.5,0.6533663051692328,-0.08131396076879514,-0.09199621211346404,0.1580180118371082,0.1927243471710573,0.11167937492591659,-0.002716090619045297,0.03729232442065307
205,1.8999505943375563,0.24834707064957084,0.9268310907581945,0.01679751802670616,0.003475,0.3,0.5,0.6671051445767475,-0.12896526672034564,-0.10185574494530694,0.17893555069555375,0.21766348601909,0.13027192207901228,0.010547273502499656,0.04818304906543196
206,1.8996244416475543,0.2438760052843744,0.9206311741976024,0.016794565264336783,0.003475,0.4,0.5,0.5784986729337123,-0.10685428590909209,-0.07845675502565684,0.21023954795845776,0.18351539707435463,0.15857414929595515,0.007310232058940608,0.05151216465703529
207,1.8993061935276219,0.2543608425360638,0.9366045607629806,0.016794375580854334,0.003475,0.5,0.5,0.4634658119578942,-0.0770273188928147,-0.05179261367091459,0.20328574368687635,0.1998632312524798,0.16074148830208854,0.009410053949217904,0.053554115427289536
208,1.898537651217804,0.24373530957681874,0.9235144543614169,0.016792480115585675,0.003475,0.6,0.5,0.34038767060557923,-0.05036973740961391,0.0028948863538898143,0.16462096414336005,0.1818277713748434,0.14400458798413263,0.006947436787885977,0.040449360819555774
209,1.8996202804167845,0.248088407750798,0.9327152040705846,0.016792766352754136,0.003475,0.7,0.5,0.33120859870898456,-0.011451397746966458,0.025865214702170847,0.15477362591059535,0.17512726152977817,0.14016778756583728,0.003090891109088441,0.03713572083976696
210,1.8990837084813907,0.2519257020202279,0.9319126715810918,0.016789873166063354,0.003475,0.8,0.5,0.34055357130986225,0.005107979653515228,0.022708648974205263,0.14205622703079626,0.1543292894737922,0.1339329156181387,0.005180055558715212,0.030967763556843067
211,1.8990489891453441,0.25344090694274807,0.9314332343278297,0.016792271258321605,0.003475,0.9,0.5,0.352825387030742,-0.0012162930470264043,0.014378787933512487,0.11140036194779161,0.1181646283085578,0.08944027960594886,-1.7170046976111904e-05,0.017186241820694455
212,1.8996736389980975,0.2518636380045265,0.9256020571370278,0.016797602254389706,0.003475,1.0,0.5,0.3572272726836158,-0.008487689430051367,0.022149936933684247,0.09418136503812406,0.09337502055272927,0.06832712875284025,-0.0013143134077606004,0.0111288102536371
213,1.8994826910806053,0.2507781284130045,0.9342018811118326,0.016793773661067067,0.003475,1.1,0.5,0.4138386995635834,-0.011532196993357502,0.02449810612219006,0.07972887424397614,0.08503992444330571,0.05508653668272016,-0.0019019984608570502,0.008311504330615789
214,1.8996264970460774,0.25324399419286636,0.933727732814713,0.016797612526058426,0.003475,1.2,0.5,0.5217496842437546,-0.0035738636423672566,-0.0033216540638629035,0.08898064784493977,0.09028428501949454,0.058491320969479836,-0.002569319447998516,0.00974502122057061
215,1.899594993275032,0.2506164251467643,0.9301708779195206,0.016793032731363067,0.003475,1.3,0.5,0.7332616790922152,0.002750946951827512,0.00027146467174235213,0.09975387291094186,0.09523897809822371,0.06526348249594584,-0.003674705002299512,0.011640310128712451
216,1.8992723617704579,0.25585557573348977,0.9401091508990229,0.016791700153540513,0.003475,1.4,0.5,0.8894905295373514,-0.0016076389289780924,0.02437215915283146,0.0480021959614645,0.05486611153159611,0.02479425590822403,-0.00034347466556938864,0.002964628068881442
217,1.8995018308995295,0.2565042478812783,0.9377588725344208,0.01679447829754158,0.003475,1.5,0.5,0.885237057420491,0.00044269022177599013,0.021771149062003288,0.03338707311002643,0.028551137796790596,0.01175044439648995,-2.1356463937429862e-05,0.0010339685319302884
218,1.8994402325055133,0.2543996538699512,0.9332205214083185,0.01679306149203549,0.003475,1.6,0.5,0.8882342902575904,-0.0039321338767647354,0.01662519739955172,0.03434719500537107,0.027838189291613805,0.010774317653198825,-1.2082717010669876e-05,0.0010353902543323705
219,1.8998375093130664,0.2464741161550818,0.9191417171937332,0.01679266089695523,0.003475,1.8,0.5,0.8683817478471424,-0.016617739984763884,-0.00932586045997799,0.03993242470015966,0.03524372256750782,0.016814500074914668,-9.9836531654253e-05,0.0015597229678093432
220,1.898927099181174,0.2517065723432738,0.929060249280156,0.016793437933680985,0.003475,2.0,0.5,0.8748974752162909,-0.009774132552725624,-0.015058044209593044,0.030693496962375874,0.025525519412952717,0.011214334581596009,2.0858480382002798e-05,0.0008597020985941917
221,1.899584118030588,0.25150760946953965,0.9282982360503611,0.01679627447001256,0.003475,2.25,0.5,0.8645827527183261,-0.014374368689569757,-0.022745500549478184,0.03229039441602685,0.024417093298753592,0.01074236684537246,2.5774793132833387e-05,0.0008771312310715865
222,1.89907716949755,0.2533313005634617,0.9325366252477096,0.01679258146271709,0.003475,2.5,0.5,0.831502366694585,-0.02843023996628648,-0.019052399045536694,0.049736938876953934,0.04815026922195311,0.02579767400788252,-8.58865288391389e-05,0.002728865749606697
223,1.9002475148328748,0.2502132986057449,0.915683438642926,0.0167971037360676,0.003475,2.75,0.5,0.8675707500340889,-0.020845911011282435,-0.02093179670344382,0.030138267194442726,0.024848748786088167,0.010851805779464995,4.7252586837520675e-06,0.0008217685771964852
224,1.8995458246405352,0.2468127895147746,0.9198763348282714,0.016794162655966248,0.003475,3.0,0.5,0.8660387999251814,-0.022631861233741505,-0.02180189282643647,0.033714388989027226,0.02610872307141219,0.013570165738457625,7.053210617892944e-06,0.0010012374217461704
225,1.9000523595258083,0.25007769717064476,0.9247254904812156,0.016797046899500657,0.003475,-3.0,0.625,0.8903310147034305,-0.024076388909643448,-0.033478989043732074,0.04592141880753962,0.027559208123818662,0.012845292289794676,2.7232690521931992e-05,0.0015166440958598322
226,1.899626568155038,0.25335947991238883,0.9304261709625788,0.016795445203957527,0.003475,-2.75,0.625,0.89462231269151,-0.020479798008572556,-0.0349017067796709,0.0495032650486738,0.03674571681355587,0.01838443618481153,0.00018244645502160826,0.0020694042242273497
227,1.8996188128899942,0.25382980992685233,0.933527053590101,0.016793199817174313,0.003475,-2.5,0.625,0.8426452927098422,-0.018662247540847565,-0.02162677621711363,0.06422624801904302,0.06312697798996389,0.03412677597116038,-0.0006647303367868486,0.0046373315614673906
228,1.8987727250063107,0.253942580459166,0.9293635825784587,0.01679103998572293,0.003475,-2.25,0.625,0.8955783320241387,-0.025295899072860305,-0.02779254823600221,0.04145600327598867,0.028503740687295265,0.013127711869217181,1.2334068861527831e-05,0.00135170012985427
229,1.8992156091229873,0.25154450673178413,0.9232924555932639,0.016792940971122453,0.003475,-2.0,0.625,0.8977969034103676,-0.026551767698019646,-0.024220397940382214,0.04144154127100264,0.02945644741360611,0.015354850878386101,-1.6556438018244604e-07,0.001410427541322116
230,1.8998612300144508,0.25056883221005827,0.9250763442231978,0.016795180879682344,0.003475,-1.8,0.625,0.899528760373517,-0.024875315711665968,-0.026431099969544007,0.0416103954262144,0.029157962782257355,0.013666517467817151,2.440075051871038e-05,0.0013841927504177902
231,1.8994585644897193,0.2531387516499122,0.9282713030608741,0.01679398320310905,0.003475,-1.6,0.625,0.8996288686218852,-0.024718750057842836,-0.019873973536703723,0.03808686590113867,0.029247077558528334,0.012469251093086303,6.661396480624066e-05,0.0012307415613541626
232,1.8991823192715074,0.25078710936550114,0.9234218581194574,0.016793385391989272,0.003475,-1.5,0.625,0.8998455457761178,-0.017218750039172285,-0.02430827549519135,0.042398165436598766,0.02813406651731159,0.013918714542561406,2.8769561075711542e-05,0.0013914303728535108
233,1.8992717845580993,0.2546311652509761,0.9290508975370408,0.016794435156532936,0.003475,-1.4,0.625,0.9041710389760941,-0.011442866127272466,-0.030858994714780014,0.04275407668755783,0.027753421697802337,0.013969990822943906,1.3353480999650874e-06,0.0013966620664673792
234,1.89922918202272,0.25052484197470437,0.9308085976792995,0.016796073830083476,0.003475,-1.3,0.625,0.9086448649659541,-0.004041035375591647,-0.035809478774081215,0.046790841779755954,0.029259261435866782,0.014594380065763303,1.5225664957891426e-05,0.0016292415918672527
235,1.8995623149144705,0.248704392971856,0.9226319909337901,0.01679545958429374,0.003475,-1.2,0.625,0.9047715633401373,-0.006139520227508102,-0.04248831341300802,0.041793580150698645,0.028015194375398577,0.015503214983586684,3.866297288104022e-05,0.0013859520662657713
236,1.899307044474158,0.2510437106344706,0.9251499344047303,0.01679048741185309,0.003475,-1.1,0.625,0.899777881869396,-0.008782512627099876,-0.04638976638766614,0.04285032851534238,0.029712931836905983,0.015442259211696386,0.0001216675034711215,0.0014787361708893036
237,1.8999520397694978,0.24988658792122126,0.9257300601521637,0.016794398178525526,0.003475,-1.0,0.625,0.9043520848006575,-0.015715277813594893,-0.05115766205860223,0.04134557239107701,0.02993599648531598,0.017305436867933018,9.022511037235544e-05,0.0014525491935523278
238,1.8995961030559092,0.24994228752300018,0.9274550664570856,0.016796668217313675,0.003475,-0.9,0.625,0.9046621401866303,-0.017816287909667924,-0.0570233661496443,0.03982772533163999,0.03216806543951484,0.01756611652261899,2.222692317302246e-05,0.0014648002944498471
239,1.8985402268011553,0.2503289021669712,0.9289357262818579,0.016791396112146265,0.003475,-0.8,0.625,0.9064066929135144,-0.027845279456505608,-0.053725694588450494,0.042014388056533535,0.03697834805372715,0.02058508635575731,0.00021606306681239699,0.0017781764044107798
240,1.8987633785467761,0.2519990918327831,0.9281799221008665,0.016790324844279968,0.003475,-0.7,0.625,0.9045362995203697,-0.042270662497225206,-0.05108299162340962,0.04363206291615997,0.03663503084535728,0.02538796589943774,-3.626238173900685e-05,0.0019452156059355176
241,1.899747542728665,0.25378720569088586,0.9410973438656957,0.016791891311995717,0.003475,-0.6,0.625,0.90606216375818,-0.04744714430411975,-0.04051104110738333,0.06070533375274863,0.052645559085882226,0.03911828758368254,6.715603421285304e-06,0.003993466430488705
242,1.8995952187332348,0.2511064508387012,0.9358432915489588,0.016794447343851677,0.003475,-0.5,0.625,0.8916530669451815,-0.04960713164292954,-0.03398958996771203,0.09174607840159119,0.09972081864423687,0.06663002205320862,0.0014369755781056515,0.01140057220597938
243,1.8985730894712642,0.24894103469199005,0.9259412404032725,0.0167904833031856,0.003475,-0.4,0.625,0.8513966231832685,-0.04818434353600047,-0.05324558087857146,0.1183123111984,0.1382737259511853,0.09647618537725318,0.00294949852411321,0.02121254030723833
244,1.899237296936962,0.2496209638141457,0.9310504655905928,0.016791958999592373,0.003475,-0.3,0.625,0.8043917833106392,-0.0482759709142232,-0.07809343442531459,0.1104847607160386,0.1548612818889313,0.12047620482900358,0.004125950241659919,0.025351707454381686
245,1.8990393990316887,0.24709893454340742,0.9255564520061564,0.01679001354553593,0.003475,-0.2,0.625,0.6853570224796934,-0.053338383814836486,-0.08396906571689408,0.13856694901115274,0.1813368787943029,0.1405130896665913,0.005390040943244374,0.03591389566838532
246,1.8996555173133483,0.25290643429569604,0.9271564734423645,0.01679289783011381,0.003475,-0.1,0.625,0.6055991681991592,-0.046470161071548576,-0.06824273996045865,0.14859264581914916,0.19021683138497217,0.12711193475914534,0.0015967835242981817,0.03720983064594363
247,1.900159967877188,0.24933191212048791,0.9264456700653259,0.016796827770567867,0.003475,0.0,0.625,0.613738079855511,-0.06378125003219325,-0.057798926807645146,0.14303081384533106,0.17896302307508152,0.11904442632197741,-0.0077228265637985325,0.03332857638787931
248,1.8987473704550886,0.24709086795949603,0.9220952945354568,0.016791135794145914,0.003475,0.1,0.625,0.6838129340356645,-0.037977272870414185,-0.0762599369242188,0.13955579389517264,0.17413920370798774,0.13202974977407086,-0.008001679510152893,0.033616068351583865
249,1.8992541052580851,0.25224261093063716,0.9304704756625582,0.016792788950425328,0.003475,0.2,0.625,0.7487173090045842,-0.03105176771776939,-0.07598200759141514,0.11949245764599487,0.15901496772748644,0.12168786656150785,-0.006483333246063472,0.027186072131972383
250,1.8987626745885884,0.2544253703720789,0.9363752143717382,0.016789725938811638,0.003475,0.3,0.625,0.8178229159075823,-0.058782759759691876,-0.03469412884335569,0.1143446821879083,0.13586351391366952,0.08444254343246091,-0.0025962892170407854,0.019332071949483335
251,1.8987223643688083,0.2539732468937929,0.930076401334097,0.016791127581995375,0.003475,0.4,0.625,0.8785541862390618,-0.06725047339152028,-0.03545394331952763,0.0795239236673585,0.09235436693883556,0.0648602424774218,-0.0008550076838280073,0.009530117291177448
252,1.8999063684649966,0.24995661465829763,0.9289353518357756,0.01679730848466418,0.003475,0.5,0.625,0.8824695291007623,-0.09771613533270287,-0.06119728543390837,0.08879562680500595,0.08738702734375557,0.0749625320710223,0.0014373231787705232,0.010570268551085612
253,1.8980202900549057,0.2500616939364633,0.9269740240330153,0.01679072982323499,0.003475,0.6,0.625,0.8246003161692083,-0.1290533629556007,-0.06821117426197172,0.12951300824521644,0.12793495515097483,0.11517877467129736,0.0061438005707248,0.02320356109449447
254,1.8995516585270589,0.25304031266891747,0.9273970774931415,0.01679146116604819,0.003475,0.7,0.625,0.767420221835163,-0.14559078002763182,-0.06433680552781695,0.15616149466578827,0.1462170482265777,0.14615519633754367,0.008604843956811666,0.03356358951240615
255,1.8992085988061995,0.24985268315557965,0.9248914617532313,0.01678768669091859,0.003475,0.8,0.625,0.7383543905800674,-0.13338787118319348,-0.03899274433251288,0.16842080662273515,0.16741386350713028,0.16643437801101077,0.004854505938306548,0.04204668599087441
256,1.8984582922046533,0.24567314054153966,0.9174230579408316,0.016794511166881496,0.003475,0.9,0.625,0.6606832120324351,-0.09181364518193885,-0.04201988625870647,0.20551462879648164,0.18045358248346963,0.1524529317388803,0.0027695496670345505,0.049020827238126854
257,1.8992686333370992,0.2513274654161852,0.9344299745239895,0.01679172822943503,0.003475,1.0,0.625,0.579544364284744,-0.030537440758610458,-0.0031540403292500273,0.19816259542398956,0.17733449147150326,0.14752257874550423,0.0018811963068807484,0.046239423665175965
258,1.8992196407098392,0.2480089451447998,0.9230750300966112,0.016791387894811285,0.003475,1.1,0.625,0.5922840907928685,-0.003244002472373805,0.03770265151248131,0.14668199666415,0.14555063332689724,0.12429888463981827,-0.0007655408339169498,0.029075403864972725
259,1.8992900399269934,0.2514136900593635,0.914360524847584,0.016792555441156324,0.003475,1.2,0.625,0.7154442690004676,-0.019700978845557864,0.026488636420658115,0.12940341064675537,0.1244822481032597,0.1102950183636427,-0.001019502112710008,0.02220303192784529
260,1.8998779980611602,0.24861590005862777,0.9077802196356731,0.016792890982334663,0.003475,1.3,0.625,0.858028101796866,-0.03307196976910369,0.028211805618981328,0.06907787379656534,0.07157607836233876,0.05121104367840023,-0.001252279072783193,0.0062587293183084414
261,1.900585744389863,0.2494382814795808,0.9158538153788822,0.016796392936591853,0.003475,1.4,0.625,0.8870887545302784,-0.021166087873397677,0.020460202191614818,0.031922294458158564,0.026849371392748674,0.016047254212014098,-1.165886950325175e-05,0.000998717997702068
262,1.898827667596311,0.2543581260905056,0.9221858148104923,0.016791058516634177,0.003475,1.5,0.625,0.8921464636658478,-0.01293308090489426,0.018641098555051923,0.03019479102475023,0.02283204646575361,0.011278428310263952,2.2210531102019415e-05,0.0007801153479962163
263,1.8993771581646797,0.25213782448161404,0.9179790810546994,0.01679023746791412,0.003475,1.6,0.625,0.8861515138373531,-0.00770603101105786,0.015620265200788819,0.02843385305694373,0.021725599727880143,0.010846730947308052,4.084080860799708e-05,0.0006990686277216122
264,1.8999826768255472,0.25376521547247133,0.921564032581403,0.01679611560153629,0.003475,1.8,0.625,0.8591723465031446,-0.008199179377146665,-0.007719696983552451,0.03413476854894072,0.032158007042484685,0.015142620547401843,-0.00010783721367379811,0.001214309398938422
265,1.899533149302077,0.2510631313057192,0.921070501462987,0.016792998492467313,0.003475,2.0,0.625,0.8678857305585735,-0.01479734857334412,-0.012054924284739449,0.027479346654915898,0.023244527369690175,0.010917887469787077,6.227031422648027e-05,0.0007073114060121234
266,1.8997014496627693,0.24852263651439221,0.9101927439373527,0.016794919294518824,0.003475,2.25,0.625,0.8800738615482443,-0.014908746509575457,-0.01926925510108251,0.025527743092898045,0.021281642696547125,0.010904129509069202,1.8298335094483164e-05,0.0006117370118155276
267,1.899506578855244,0.24449551548794368,0.911692926149005,0.016792080890061244,0.003475,2.5,0.625,0.8491281557150863,-0.01216835130119475,-0.008570075775993485,0.045663265955036995,0.048873440326188025,0.026536783918250477,0.0005297860300892056,0.0025889739638609095
268,1.8997023020904387,0.24812966238608156,0.9172670280851427,0.016799633990463442,0.003475,2.75,0.625,0.8449472678659992,-0.012627605816729741,-0.021536785663103488,0.040902474347742815,0.040461316297959564,0.02218242158843194,-0.00024253095020847568,0.0019010951759291094
269,1.9000214848815231,0.24992431846288077,0.9199969190743361,0.01679465223113198,0.003475,3.0,0.625,0.8595849104564298,-0.023776374012209764,-0.024961805654818432,0.027076101608415292,0.02001295914686991,0.009900808258185236,-1.0579662125420785e-06,0.0006158299081444311
